,url,title,user
0,https://api.github.com/repos/pandas-dev/pandas/issues/41825,REF: share wrapping in MultiIndex setops,"{'login': 'jbrockmendel', 'id': 8078968, 'node_id': 'MDQ6VXNlcjgwNzg5Njg=', 'avatar_url': 'https://avatars.githubusercontent.com/u/8078968?v=4', 'gravatar_id': '', 'url': 'https://api.github.com/users/jbrockmendel', 'html_url': 'https://github.com/jbrockmendel', 'followers_url': 'https://api.github.com/users/jbrockmendel/followers', 'following_url': 'https://api.github.com/users/jbrockmendel/following{/other_user}', 'gists_url': 'https://api.github.com/users/jbrockmendel/gists{/gist_id}', 'starred_url': 'https://api.github.com/users/jbrockmendel/starred{/owner}{/repo}', 'subscriptions_url': 'https://api.github.com/users/jbrockmendel/subscriptions', 'organizations_url': 'https://api.github.com/users/jbrockmendel/orgs', 'repos_url': 'https://api.github.com/users/jbrockmendel/repos', 'events_url': 'https://api.github.com/users/jbrockmendel/events{/privacy}', 'received_events_url': 'https://api.github.com/users/jbrockmendel/received_events', 'type': 'User', 'site_admin': False}"
1,https://api.github.com/repos/pandas-dev/pandas/issues/41824,REF: de-duplicate Index._intersection + MultiIndex._intersection,"{'login': 'jbrockmendel', 'id': 8078968, 'node_id': 'MDQ6VXNlcjgwNzg5Njg=', 'avatar_url': 'https://avatars.githubusercontent.com/u/8078968?v=4', 'gravatar_id': '', 'url': 'https://api.github.com/users/jbrockmendel', 'html_url': 'https://github.com/jbrockmendel', 'followers_url': 'https://api.github.com/users/jbrockmendel/followers', 'following_url': 'https://api.github.com/users/jbrockmendel/following{/other_user}', 'gists_url': 'https://api.github.com/users/jbrockmendel/gists{/gist_id}', 'starred_url': 'https://api.github.com/users/jbrockmendel/starred{/owner}{/repo}', 'subscriptions_url': 'https://api.github.com/users/jbrockmendel/subscriptions', 'organizations_url': 'https://api.github.com/users/jbrockmendel/orgs', 'repos_url': 'https://api.github.com/users/jbrockmendel/repos', 'events_url': 'https://api.github.com/users/jbrockmendel/events{/privacy}', 'received_events_url': 'https://api.github.com/users/jbrockmendel/received_events', 'type': 'User', 'site_admin': False}"
2,https://api.github.com/repos/pandas-dev/pandas/issues/41823,BUG: MultiIndex.unique incorrect when NA value is present,"{'login': 'jbrockmendel', 'id': 8078968, 'node_id': 'MDQ6VXNlcjgwNzg5Njg=', 'avatar_url': 'https://avatars.githubusercontent.com/u/8078968?v=4', 'gravatar_id': '', 'url': 'https://api.github.com/users/jbrockmendel', 'html_url': 'https://github.com/jbrockmendel', 'followers_url': 'https://api.github.com/users/jbrockmendel/followers', 'following_url': 'https://api.github.com/users/jbrockmendel/following{/other_user}', 'gists_url': 'https://api.github.com/users/jbrockmendel/gists{/gist_id}', 'starred_url': 'https://api.github.com/users/jbrockmendel/starred{/owner}{/repo}', 'subscriptions_url': 'https://api.github.com/users/jbrockmendel/subscriptions', 'organizations_url': 'https://api.github.com/users/jbrockmendel/orgs', 'repos_url': 'https://api.github.com/users/jbrockmendel/repos', 'events_url': 'https://api.github.com/users/jbrockmendel/events{/privacy}', 'received_events_url': 'https://api.github.com/users/jbrockmendel/received_events', 'type': 'User', 'site_admin': False}"
3,https://api.github.com/repos/pandas-dev/pandas/issues/41822,DOC: Whatsnew1.3 grammar,"{'login': 'rhshadrach', 'id': 45562402, 'node_id': 'MDQ6VXNlcjQ1NTYyNDAy', 'avatar_url': 'https://avatars.githubusercontent.com/u/45562402?v=4', 'gravatar_id': '', 'url': 'https://api.github.com/users/rhshadrach', 'html_url': 'https://github.com/rhshadrach', 'followers_url': 'https://api.github.com/users/rhshadrach/followers', 'following_url': 'https://api.github.com/users/rhshadrach/following{/other_user}', 'gists_url': 'https://api.github.com/users/rhshadrach/gists{/gist_id}', 'starred_url': 'https://api.github.com/users/rhshadrach/starred{/owner}{/repo}', 'subscriptions_url': 'https://api.github.com/users/rhshadrach/subscriptions', 'organizations_url': 'https://api.github.com/users/rhshadrach/orgs', 'repos_url': 'https://api.github.com/users/rhshadrach/repos', 'events_url': 'https://api.github.com/users/rhshadrach/events{/privacy}', 'received_events_url': 'https://api.github.com/users/rhshadrach/received_events', 'type': 'User', 'site_admin': False}"
4,https://api.github.com/repos/pandas-dev/pandas/issues/41821,BUG: wrong exception when slicing on TimedeltaIndex,"{'login': 'jbrockmendel', 'id': 8078968, 'node_id': 'MDQ6VXNlcjgwNzg5Njg=', 'avatar_url': 'https://avatars.githubusercontent.com/u/8078968?v=4', 'gravatar_id': '', 'url': 'https://api.github.com/users/jbrockmendel', 'html_url': 'https://github.com/jbrockmendel', 'followers_url': 'https://api.github.com/users/jbrockmendel/followers', 'following_url': 'https://api.github.com/users/jbrockmendel/following{/other_user}', 'gists_url': 'https://api.github.com/users/jbrockmendel/gists{/gist_id}', 'starred_url': 'https://api.github.com/users/jbrockmendel/starred{/owner}{/repo}', 'subscriptions_url': 'https://api.github.com/users/jbrockmendel/subscriptions', 'organizations_url': 'https://api.github.com/users/jbrockmendel/orgs', 'repos_url': 'https://api.github.com/users/jbrockmendel/repos', 'events_url': 'https://api.github.com/users/jbrockmendel/events{/privacy}', 'received_events_url': 'https://api.github.com/users/jbrockmendel/received_events', 'type': 'User', 'site_admin': False}"
5,https://api.github.com/repos/pandas-dev/pandas/issues/41819,BUG: read_csv does not read double double quotes in pipe delimited txt file,"{'login': 'architsingh15', 'id': 15556124, 'node_id': 'MDQ6VXNlcjE1NTU2MTI0', 'avatar_url': 'https://avatars.githubusercontent.com/u/15556124?v=4', 'gravatar_id': '', 'url': 'https://api.github.com/users/architsingh15', 'html_url': 'https://github.com/architsingh15', 'followers_url': 'https://api.github.com/users/architsingh15/followers', 'following_url': 'https://api.github.com/users/architsingh15/following{/other_user}', 'gists_url': 'https://api.github.com/users/architsingh15/gists{/gist_id}', 'starred_url': 'https://api.github.com/users/architsingh15/starred{/owner}{/repo}', 'subscriptions_url': 'https://api.github.com/users/architsingh15/subscriptions', 'organizations_url': 'https://api.github.com/users/architsingh15/orgs', 'repos_url': 'https://api.github.com/users/architsingh15/repos', 'events_url': 'https://api.github.com/users/architsingh15/events{/privacy}', 'received_events_url': 'https://api.github.com/users/architsingh15/received_events', 'type': 'User', 'site_admin': False}"
6,https://api.github.com/repos/pandas-dev/pandas/issues/41818,"DOC/BLD: update README.md, list setuptools as dependency","{'login': 'fangchenli', 'id': 7614606, 'node_id': 'MDQ6VXNlcjc2MTQ2MDY=', 'avatar_url': 'https://avatars.githubusercontent.com/u/7614606?v=4', 'gravatar_id': '', 'url': 'https://api.github.com/users/fangchenli', 'html_url': 'https://github.com/fangchenli', 'followers_url': 'https://api.github.com/users/fangchenli/followers', 'following_url': 'https://api.github.com/users/fangchenli/following{/other_user}', 'gists_url': 'https://api.github.com/users/fangchenli/gists{/gist_id}', 'starred_url': 'https://api.github.com/users/fangchenli/starred{/owner}{/repo}', 'subscriptions_url': 'https://api.github.com/users/fangchenli/subscriptions', 'organizations_url': 'https://api.github.com/users/fangchenli/orgs', 'repos_url': 'https://api.github.com/users/fangchenli/repos', 'events_url': 'https://api.github.com/users/fangchenli/events{/privacy}', 'received_events_url': 'https://api.github.com/users/fangchenli/received_events', 'type': 'User', 'site_admin': False}"
7,https://api.github.com/repos/pandas-dev/pandas/issues/41817,BUG: pd.util.hash_array fails on DatetimeIndex with tz specified,"{'login': 'TheNeuralBit', 'id': 675055, 'node_id': 'MDQ6VXNlcjY3NTA1NQ==', 'avatar_url': 'https://avatars.githubusercontent.com/u/675055?v=4', 'gravatar_id': '', 'url': 'https://api.github.com/users/TheNeuralBit', 'html_url': 'https://github.com/TheNeuralBit', 'followers_url': 'https://api.github.com/users/TheNeuralBit/followers', 'following_url': 'https://api.github.com/users/TheNeuralBit/following{/other_user}', 'gists_url': 'https://api.github.com/users/TheNeuralBit/gists{/gist_id}', 'starred_url': 'https://api.github.com/users/TheNeuralBit/starred{/owner}{/repo}', 'subscriptions_url': 'https://api.github.com/users/TheNeuralBit/subscriptions', 'organizations_url': 'https://api.github.com/users/TheNeuralBit/orgs', 'repos_url': 'https://api.github.com/users/TheNeuralBit/repos', 'events_url': 'https://api.github.com/users/TheNeuralBit/events{/privacy}', 'received_events_url': 'https://api.github.com/users/TheNeuralBit/received_events', 'type': 'User', 'site_admin': False}"
8,https://api.github.com/repos/pandas-dev/pandas/issues/41815,DEPS: clarifying setuptools's status as a dependency ,"{'login': 'fangchenli', 'id': 7614606, 'node_id': 'MDQ6VXNlcjc2MTQ2MDY=', 'avatar_url': 'https://avatars.githubusercontent.com/u/7614606?v=4', 'gravatar_id': '', 'url': 'https://api.github.com/users/fangchenli', 'html_url': 'https://github.com/fangchenli', 'followers_url': 'https://api.github.com/users/fangchenli/followers', 'following_url': 'https://api.github.com/users/fangchenli/following{/other_user}', 'gists_url': 'https://api.github.com/users/fangchenli/gists{/gist_id}', 'starred_url': 'https://api.github.com/users/fangchenli/starred{/owner}{/repo}', 'subscriptions_url': 'https://api.github.com/users/fangchenli/subscriptions', 'organizations_url': 'https://api.github.com/users/fangchenli/orgs', 'repos_url': 'https://api.github.com/users/fangchenli/repos', 'events_url': 'https://api.github.com/users/fangchenli/events{/privacy}', 'received_events_url': 'https://api.github.com/users/fangchenli/received_events', 'type': 'User', 'site_admin': False}"
9,https://api.github.com/repos/pandas-dev/pandas/issues/41813,Axis behaviour not consistent for df.interpolate for pad with `limit_area` passed.,"{'login': 'mwaddoups', 'id': 11441393, 'node_id': 'MDQ6VXNlcjExNDQxMzkz', 'avatar_url': 'https://avatars.githubusercontent.com/u/11441393?v=4', 'gravatar_id': '', 'url': 'https://api.github.com/users/mwaddoups', 'html_url': 'https://github.com/mwaddoups', 'followers_url': 'https://api.github.com/users/mwaddoups/followers', 'following_url': 'https://api.github.com/users/mwaddoups/following{/other_user}', 'gists_url': 'https://api.github.com/users/mwaddoups/gists{/gist_id}', 'starred_url': 'https://api.github.com/users/mwaddoups/starred{/owner}{/repo}', 'subscriptions_url': 'https://api.github.com/users/mwaddoups/subscriptions', 'organizations_url': 'https://api.github.com/users/mwaddoups/orgs', 'repos_url': 'https://api.github.com/users/mwaddoups/repos', 'events_url': 'https://api.github.com/users/mwaddoups/events{/privacy}', 'received_events_url': 'https://api.github.com/users/mwaddoups/received_events', 'type': 'User', 'site_admin': False}"
10,https://api.github.com/repos/pandas-dev/pandas/issues/41807,"TYP: Numpy compatibility of definition of ""array like""","{'login': 'Dr-Irv', 'id': 15113894, 'node_id': 'MDQ6VXNlcjE1MTEzODk0', 'avatar_url': 'https://avatars.githubusercontent.com/u/15113894?v=4', 'gravatar_id': '', 'url': 'https://api.github.com/users/Dr-Irv', 'html_url': 'https://github.com/Dr-Irv', 'followers_url': 'https://api.github.com/users/Dr-Irv/followers', 'following_url': 'https://api.github.com/users/Dr-Irv/following{/other_user}', 'gists_url': 'https://api.github.com/users/Dr-Irv/gists{/gist_id}', 'starred_url': 'https://api.github.com/users/Dr-Irv/starred{/owner}{/repo}', 'subscriptions_url': 'https://api.github.com/users/Dr-Irv/subscriptions', 'organizations_url': 'https://api.github.com/users/Dr-Irv/orgs', 'repos_url': 'https://api.github.com/users/Dr-Irv/repos', 'events_url': 'https://api.github.com/users/Dr-Irv/events{/privacy}', 'received_events_url': 'https://api.github.com/users/Dr-Irv/received_events', 'type': 'User', 'site_admin': False}"
11,https://api.github.com/repos/pandas-dev/pandas/issues/41805,BUG:,"{'login': 'tlaytongoogle', 'id': 11558041, 'node_id': 'MDQ6VXNlcjExNTU4MDQx', 'avatar_url': 'https://avatars.githubusercontent.com/u/11558041?v=4', 'gravatar_id': '', 'url': 'https://api.github.com/users/tlaytongoogle', 'html_url': 'https://github.com/tlaytongoogle', 'followers_url': 'https://api.github.com/users/tlaytongoogle/followers', 'following_url': 'https://api.github.com/users/tlaytongoogle/following{/other_user}', 'gists_url': 'https://api.github.com/users/tlaytongoogle/gists{/gist_id}', 'starred_url': 'https://api.github.com/users/tlaytongoogle/starred{/owner}{/repo}', 'subscriptions_url': 'https://api.github.com/users/tlaytongoogle/subscriptions', 'organizations_url': 'https://api.github.com/users/tlaytongoogle/orgs', 'repos_url': 'https://api.github.com/users/tlaytongoogle/repos', 'events_url': 'https://api.github.com/users/tlaytongoogle/events{/privacy}', 'received_events_url': 'https://api.github.com/users/tlaytongoogle/received_events', 'type': 'User', 'site_admin': False}"
12,https://api.github.com/repos/pandas-dev/pandas/issues/41800,BUG: combine_first fails when one series is timezone-aware and the other is emtpy.,"{'login': 'johnands', 'id': 5294322, 'node_id': 'MDQ6VXNlcjUyOTQzMjI=', 'avatar_url': 'https://avatars.githubusercontent.com/u/5294322?v=4', 'gravatar_id': '', 'url': 'https://api.github.com/users/johnands', 'html_url': 'https://github.com/johnands', 'followers_url': 'https://api.github.com/users/johnands/followers', 'following_url': 'https://api.github.com/users/johnands/following{/other_user}', 'gists_url': 'https://api.github.com/users/johnands/gists{/gist_id}', 'starred_url': 'https://api.github.com/users/johnands/starred{/owner}{/repo}', 'subscriptions_url': 'https://api.github.com/users/johnands/subscriptions', 'organizations_url': 'https://api.github.com/users/johnands/orgs', 'repos_url': 'https://api.github.com/users/johnands/repos', 'events_url': 'https://api.github.com/users/johnands/events{/privacy}', 'received_events_url': 'https://api.github.com/users/johnands/received_events', 'type': 'User', 'site_admin': False}"
13,https://api.github.com/repos/pandas-dev/pandas/issues/41797,"BUG: undocumented astype(""category"").astype(str) type inconsistency between pandas 1.1 & 1.2","{'login': 'timlod', 'id': 7346303, 'node_id': 'MDQ6VXNlcjczNDYzMDM=', 'avatar_url': 'https://avatars.githubusercontent.com/u/7346303?v=4', 'gravatar_id': '', 'url': 'https://api.github.com/users/timlod', 'html_url': 'https://github.com/timlod', 'followers_url': 'https://api.github.com/users/timlod/followers', 'following_url': 'https://api.github.com/users/timlod/following{/other_user}', 'gists_url': 'https://api.github.com/users/timlod/gists{/gist_id}', 'starred_url': 'https://api.github.com/users/timlod/starred{/owner}{/repo}', 'subscriptions_url': 'https://api.github.com/users/timlod/subscriptions', 'organizations_url': 'https://api.github.com/users/timlod/orgs', 'repos_url': 'https://api.github.com/users/timlod/repos', 'events_url': 'https://api.github.com/users/timlod/events{/privacy}', 'received_events_url': 'https://api.github.com/users/timlod/received_events', 'type': 'User', 'site_admin': False}"
14,https://api.github.com/repos/pandas-dev/pandas/issues/41796,BUG: `round()` for 5e5 ms should be `ceil()`,"{'login': 'zxdawn', 'id': 30388627, 'node_id': 'MDQ6VXNlcjMwMzg4NjI3', 'avatar_url': 'https://avatars.githubusercontent.com/u/30388627?v=4', 'gravatar_id': '', 'url': 'https://api.github.com/users/zxdawn', 'html_url': 'https://github.com/zxdawn', 'followers_url': 'https://api.github.com/users/zxdawn/followers', 'following_url': 'https://api.github.com/users/zxdawn/following{/other_user}', 'gists_url': 'https://api.github.com/users/zxdawn/gists{/gist_id}', 'starred_url': 'https://api.github.com/users/zxdawn/starred{/owner}{/repo}', 'subscriptions_url': 'https://api.github.com/users/zxdawn/subscriptions', 'organizations_url': 'https://api.github.com/users/zxdawn/orgs', 'repos_url': 'https://api.github.com/users/zxdawn/repos', 'events_url': 'https://api.github.com/users/zxdawn/events{/privacy}', 'received_events_url': 'https://api.github.com/users/zxdawn/received_events', 'type': 'User', 'site_admin': False}"
15,https://api.github.com/repos/pandas-dev/pandas/issues/41792,BUG: Broken bool supports in pandas' quantile by NumPy's percentile behaviour change,"{'login': 'HyukjinKwon', 'id': 6477701, 'node_id': 'MDQ6VXNlcjY0Nzc3MDE=', 'avatar_url': 'https://avatars.githubusercontent.com/u/6477701?v=4', 'gravatar_id': '', 'url': 'https://api.github.com/users/HyukjinKwon', 'html_url': 'https://github.com/HyukjinKwon', 'followers_url': 'https://api.github.com/users/HyukjinKwon/followers', 'following_url': 'https://api.github.com/users/HyukjinKwon/following{/other_user}', 'gists_url': 'https://api.github.com/users/HyukjinKwon/gists{/gist_id}', 'starred_url': 'https://api.github.com/users/HyukjinKwon/starred{/owner}{/repo}', 'subscriptions_url': 'https://api.github.com/users/HyukjinKwon/subscriptions', 'organizations_url': 'https://api.github.com/users/HyukjinKwon/orgs', 'repos_url': 'https://api.github.com/users/HyukjinKwon/repos', 'events_url': 'https://api.github.com/users/HyukjinKwon/events{/privacy}', 'received_events_url': 'https://api.github.com/users/HyukjinKwon/received_events', 'type': 'User', 'site_admin': False}"
16,https://api.github.com/repos/pandas-dev/pandas/issues/41788,WIP: BLD: Require numpy>1.20 for ARM64,"{'login': 'lithomas1', 'id': 47963215, 'node_id': 'MDQ6VXNlcjQ3OTYzMjE1', 'avatar_url': 'https://avatars.githubusercontent.com/u/47963215?v=4', 'gravatar_id': '', 'url': 'https://api.github.com/users/lithomas1', 'html_url': 'https://github.com/lithomas1', 'followers_url': 'https://api.github.com/users/lithomas1/followers', 'following_url': 'https://api.github.com/users/lithomas1/following{/other_user}', 'gists_url': 'https://api.github.com/users/lithomas1/gists{/gist_id}', 'starred_url': 'https://api.github.com/users/lithomas1/starred{/owner}{/repo}', 'subscriptions_url': 'https://api.github.com/users/lithomas1/subscriptions', 'organizations_url': 'https://api.github.com/users/lithomas1/orgs', 'repos_url': 'https://api.github.com/users/lithomas1/repos', 'events_url': 'https://api.github.com/users/lithomas1/events{/privacy}', 'received_events_url': 'https://api.github.com/users/lithomas1/received_events', 'type': 'User', 'site_admin': False}"
17,https://api.github.com/repos/pandas-dev/pandas/issues/41787,"QST: Apple M1, arm64","{'login': 'beaverden', 'id': 10908270, 'node_id': 'MDQ6VXNlcjEwOTA4Mjcw', 'avatar_url': 'https://avatars.githubusercontent.com/u/10908270?v=4', 'gravatar_id': '', 'url': 'https://api.github.com/users/beaverden', 'html_url': 'https://github.com/beaverden', 'followers_url': 'https://api.github.com/users/beaverden/followers', 'following_url': 'https://api.github.com/users/beaverden/following{/other_user}', 'gists_url': 'https://api.github.com/users/beaverden/gists{/gist_id}', 'starred_url': 'https://api.github.com/users/beaverden/starred{/owner}{/repo}', 'subscriptions_url': 'https://api.github.com/users/beaverden/subscriptions', 'organizations_url': 'https://api.github.com/users/beaverden/orgs', 'repos_url': 'https://api.github.com/users/beaverden/repos', 'events_url': 'https://api.github.com/users/beaverden/events{/privacy}', 'received_events_url': 'https://api.github.com/users/beaverden/received_events', 'type': 'User', 'site_admin': False}"
18,https://api.github.com/repos/pandas-dev/pandas/issues/41782,"BUG: AttributeError: 'NoneType' object has no attribute 'get' on  __version__ = v.get(""closest-tag"", v[""version""])","{'login': 'irshad-io', 'id': 63710060, 'node_id': 'MDQ6VXNlcjYzNzEwMDYw', 'avatar_url': 'https://avatars.githubusercontent.com/u/63710060?v=4', 'gravatar_id': '', 'url': 'https://api.github.com/users/irshad-io', 'html_url': 'https://github.com/irshad-io', 'followers_url': 'https://api.github.com/users/irshad-io/followers', 'following_url': 'https://api.github.com/users/irshad-io/following{/other_user}', 'gists_url': 'https://api.github.com/users/irshad-io/gists{/gist_id}', 'starred_url': 'https://api.github.com/users/irshad-io/starred{/owner}{/repo}', 'subscriptions_url': 'https://api.github.com/users/irshad-io/subscriptions', 'organizations_url': 'https://api.github.com/users/irshad-io/orgs', 'repos_url': 'https://api.github.com/users/irshad-io/repos', 'events_url': 'https://api.github.com/users/irshad-io/events{/privacy}', 'received_events_url': 'https://api.github.com/users/irshad-io/received_events', 'type': 'User', 'site_admin': False}"
19,https://api.github.com/repos/pandas-dev/pandas/issues/41779,BUG: DataFrame.rolling(axis=1) operations drop/ignore float16 and float32 columns,"{'login': 'benchittle', 'id': 72046603, 'node_id': 'MDQ6VXNlcjcyMDQ2NjAz', 'avatar_url': 'https://avatars.githubusercontent.com/u/72046603?v=4', 'gravatar_id': '', 'url': 'https://api.github.com/users/benchittle', 'html_url': 'https://github.com/benchittle', 'followers_url': 'https://api.github.com/users/benchittle/followers', 'following_url': 'https://api.github.com/users/benchittle/following{/other_user}', 'gists_url': 'https://api.github.com/users/benchittle/gists{/gist_id}', 'starred_url': 'https://api.github.com/users/benchittle/starred{/owner}{/repo}', 'subscriptions_url': 'https://api.github.com/users/benchittle/subscriptions', 'organizations_url': 'https://api.github.com/users/benchittle/orgs', 'repos_url': 'https://api.github.com/users/benchittle/repos', 'events_url': 'https://api.github.com/users/benchittle/events{/privacy}', 'received_events_url': 'https://api.github.com/users/benchittle/received_events', 'type': 'User', 'site_admin': False}"
20,https://api.github.com/repos/pandas-dev/pandas/issues/41768,BUG: DataFrame.agg crashing with user-defined function,"{'login': 'JoakimZachrisson', 'id': 56826829, 'node_id': 'MDQ6VXNlcjU2ODI2ODI5', 'avatar_url': 'https://avatars.githubusercontent.com/u/56826829?v=4', 'gravatar_id': '', 'url': 'https://api.github.com/users/JoakimZachrisson', 'html_url': 'https://github.com/JoakimZachrisson', 'followers_url': 'https://api.github.com/users/JoakimZachrisson/followers', 'following_url': 'https://api.github.com/users/JoakimZachrisson/following{/other_user}', 'gists_url': 'https://api.github.com/users/JoakimZachrisson/gists{/gist_id}', 'starred_url': 'https://api.github.com/users/JoakimZachrisson/starred{/owner}{/repo}', 'subscriptions_url': 'https://api.github.com/users/JoakimZachrisson/subscriptions', 'organizations_url': 'https://api.github.com/users/JoakimZachrisson/orgs', 'repos_url': 'https://api.github.com/users/JoakimZachrisson/repos', 'events_url': 'https://api.github.com/users/JoakimZachrisson/events{/privacy}', 'received_events_url': 'https://api.github.com/users/JoakimZachrisson/received_events', 'type': 'User', 'site_admin': False}"
21,https://api.github.com/repos/pandas-dev/pandas/issues/41767,BUG: Improve memory usage with openpyxl,"{'login': 'jordanrmerrick', 'id': 8952994, 'node_id': 'MDQ6VXNlcjg5NTI5OTQ=', 'avatar_url': 'https://avatars.githubusercontent.com/u/8952994?v=4', 'gravatar_id': '', 'url': 'https://api.github.com/users/jordanrmerrick', 'html_url': 'https://github.com/jordanrmerrick', 'followers_url': 'https://api.github.com/users/jordanrmerrick/followers', 'following_url': 'https://api.github.com/users/jordanrmerrick/following{/other_user}', 'gists_url': 'https://api.github.com/users/jordanrmerrick/gists{/gist_id}', 'starred_url': 'https://api.github.com/users/jordanrmerrick/starred{/owner}{/repo}', 'subscriptions_url': 'https://api.github.com/users/jordanrmerrick/subscriptions', 'organizations_url': 'https://api.github.com/users/jordanrmerrick/orgs', 'repos_url': 'https://api.github.com/users/jordanrmerrick/repos', 'events_url': 'https://api.github.com/users/jordanrmerrick/events{/privacy}', 'received_events_url': 'https://api.github.com/users/jordanrmerrick/received_events', 'type': 'User', 'site_admin': False}"
22,https://api.github.com/repos/pandas-dev/pandas/issues/41764,BUG: Addition operation between NaN and list returns NaN,"{'login': 'aj125', 'id': 68434454, 'node_id': 'MDQ6VXNlcjY4NDM0NDU0', 'avatar_url': 'https://avatars.githubusercontent.com/u/68434454?v=4', 'gravatar_id': '', 'url': 'https://api.github.com/users/aj125', 'html_url': 'https://github.com/aj125', 'followers_url': 'https://api.github.com/users/aj125/followers', 'following_url': 'https://api.github.com/users/aj125/following{/other_user}', 'gists_url': 'https://api.github.com/users/aj125/gists{/gist_id}', 'starred_url': 'https://api.github.com/users/aj125/starred{/owner}{/repo}', 'subscriptions_url': 'https://api.github.com/users/aj125/subscriptions', 'organizations_url': 'https://api.github.com/users/aj125/orgs', 'repos_url': 'https://api.github.com/users/aj125/repos', 'events_url': 'https://api.github.com/users/aj125/events{/privacy}', 'received_events_url': 'https://api.github.com/users/aj125/received_events', 'type': 'User', 'site_admin': False}"
23,https://api.github.com/repos/pandas-dev/pandas/issues/41759,ENH: allow groupby (and drop_duplicates) on columns containing unhashable types,"{'login': 'ezerkar', 'id': 10409077, 'node_id': 'MDQ6VXNlcjEwNDA5MDc3', 'avatar_url': 'https://avatars.githubusercontent.com/u/10409077?v=4', 'gravatar_id': '', 'url': 'https://api.github.com/users/ezerkar', 'html_url': 'https://github.com/ezerkar', 'followers_url': 'https://api.github.com/users/ezerkar/followers', 'following_url': 'https://api.github.com/users/ezerkar/following{/other_user}', 'gists_url': 'https://api.github.com/users/ezerkar/gists{/gist_id}', 'starred_url': 'https://api.github.com/users/ezerkar/starred{/owner}{/repo}', 'subscriptions_url': 'https://api.github.com/users/ezerkar/subscriptions', 'organizations_url': 'https://api.github.com/users/ezerkar/orgs', 'repos_url': 'https://api.github.com/users/ezerkar/repos', 'events_url': 'https://api.github.com/users/ezerkar/events{/privacy}', 'received_events_url': 'https://api.github.com/users/ezerkar/received_events', 'type': 'User', 'site_admin': False}"
24,https://api.github.com/repos/pandas-dev/pandas/issues/41757,"BUG: `to_dict(orient=""dict"")` not returning list of values when the index is non-unique","{'login': 'adhadse', 'id': 56764399, 'node_id': 'MDQ6VXNlcjU2NzY0Mzk5', 'avatar_url': 'https://avatars.githubusercontent.com/u/56764399?v=4', 'gravatar_id': '', 'url': 'https://api.github.com/users/adhadse', 'html_url': 'https://github.com/adhadse', 'followers_url': 'https://api.github.com/users/adhadse/followers', 'following_url': 'https://api.github.com/users/adhadse/following{/other_user}', 'gists_url': 'https://api.github.com/users/adhadse/gists{/gist_id}', 'starred_url': 'https://api.github.com/users/adhadse/starred{/owner}{/repo}', 'subscriptions_url': 'https://api.github.com/users/adhadse/subscriptions', 'organizations_url': 'https://api.github.com/users/adhadse/orgs', 'repos_url': 'https://api.github.com/users/adhadse/repos', 'events_url': 'https://api.github.com/users/adhadse/events{/privacy}', 'received_events_url': 'https://api.github.com/users/adhadse/received_events', 'type': 'User', 'site_admin': False}"
25,https://api.github.com/repos/pandas-dev/pandas/issues/41756,BUG: inconsistent types when applying numpy operations,"{'login': 'janosh', 'id': 30958850, 'node_id': 'MDQ6VXNlcjMwOTU4ODUw', 'avatar_url': 'https://avatars.githubusercontent.com/u/30958850?v=4', 'gravatar_id': '', 'url': 'https://api.github.com/users/janosh', 'html_url': 'https://github.com/janosh', 'followers_url': 'https://api.github.com/users/janosh/followers', 'following_url': 'https://api.github.com/users/janosh/following{/other_user}', 'gists_url': 'https://api.github.com/users/janosh/gists{/gist_id}', 'starred_url': 'https://api.github.com/users/janosh/starred{/owner}{/repo}', 'subscriptions_url': 'https://api.github.com/users/janosh/subscriptions', 'organizations_url': 'https://api.github.com/users/janosh/orgs', 'repos_url': 'https://api.github.com/users/janosh/repos', 'events_url': 'https://api.github.com/users/janosh/events{/privacy}', 'received_events_url': 'https://api.github.com/users/janosh/received_events', 'type': 'User', 'site_admin': False}"
26,https://api.github.com/repos/pandas-dev/pandas/issues/41755,BUG: `warn=True` parameter in `pd.infer_freq()` does not prevent raising a `ValueError` as expected,"{'login': 'leonoverweel', 'id': 7980521, 'node_id': 'MDQ6VXNlcjc5ODA1MjE=', 'avatar_url': 'https://avatars.githubusercontent.com/u/7980521?v=4', 'gravatar_id': '', 'url': 'https://api.github.com/users/leonoverweel', 'html_url': 'https://github.com/leonoverweel', 'followers_url': 'https://api.github.com/users/leonoverweel/followers', 'following_url': 'https://api.github.com/users/leonoverweel/following{/other_user}', 'gists_url': 'https://api.github.com/users/leonoverweel/gists{/gist_id}', 'starred_url': 'https://api.github.com/users/leonoverweel/starred{/owner}{/repo}', 'subscriptions_url': 'https://api.github.com/users/leonoverweel/subscriptions', 'organizations_url': 'https://api.github.com/users/leonoverweel/orgs', 'repos_url': 'https://api.github.com/users/leonoverweel/repos', 'events_url': 'https://api.github.com/users/leonoverweel/events{/privacy}', 'received_events_url': 'https://api.github.com/users/leonoverweel/received_events', 'type': 'User', 'site_admin': False}"
27,https://api.github.com/repos/pandas-dev/pandas/issues/41753,Use list comprehension to join strings,"{'login': 'MarcoGorelli', 'id': 33491632, 'node_id': 'MDQ6VXNlcjMzNDkxNjMy', 'avatar_url': 'https://avatars.githubusercontent.com/u/33491632?v=4', 'gravatar_id': '', 'url': 'https://api.github.com/users/MarcoGorelli', 'html_url': 'https://github.com/MarcoGorelli', 'followers_url': 'https://api.github.com/users/MarcoGorelli/followers', 'following_url': 'https://api.github.com/users/MarcoGorelli/following{/other_user}', 'gists_url': 'https://api.github.com/users/MarcoGorelli/gists{/gist_id}', 'starred_url': 'https://api.github.com/users/MarcoGorelli/starred{/owner}{/repo}', 'subscriptions_url': 'https://api.github.com/users/MarcoGorelli/subscriptions', 'organizations_url': 'https://api.github.com/users/MarcoGorelli/orgs', 'repos_url': 'https://api.github.com/users/MarcoGorelli/repos', 'events_url': 'https://api.github.com/users/MarcoGorelli/events{/privacy}', 'received_events_url': 'https://api.github.com/users/MarcoGorelli/received_events', 'type': 'User', 'site_admin': False}"
28,https://api.github.com/repos/pandas-dev/pandas/issues/41751,TYP: to_numpy,"{'login': 'jbrockmendel', 'id': 8078968, 'node_id': 'MDQ6VXNlcjgwNzg5Njg=', 'avatar_url': 'https://avatars.githubusercontent.com/u/8078968?v=4', 'gravatar_id': '', 'url': 'https://api.github.com/users/jbrockmendel', 'html_url': 'https://github.com/jbrockmendel', 'followers_url': 'https://api.github.com/users/jbrockmendel/followers', 'following_url': 'https://api.github.com/users/jbrockmendel/following{/other_user}', 'gists_url': 'https://api.github.com/users/jbrockmendel/gists{/gist_id}', 'starred_url': 'https://api.github.com/users/jbrockmendel/starred{/owner}{/repo}', 'subscriptions_url': 'https://api.github.com/users/jbrockmendel/subscriptions', 'organizations_url': 'https://api.github.com/users/jbrockmendel/orgs', 'repos_url': 'https://api.github.com/users/jbrockmendel/repos', 'events_url': 'https://api.github.com/users/jbrockmendel/events{/privacy}', 'received_events_url': 'https://api.github.com/users/jbrockmendel/received_events', 'type': 'User', 'site_admin': False}"
29,https://api.github.com/repos/pandas-dev/pandas/issues/41748,DOC: whatsnew format for minor enhancements/bug-fixes,"{'login': 'rhshadrach', 'id': 45562402, 'node_id': 'MDQ6VXNlcjQ1NTYyNDAy', 'avatar_url': 'https://avatars.githubusercontent.com/u/45562402?v=4', 'gravatar_id': '', 'url': 'https://api.github.com/users/rhshadrach', 'html_url': 'https://github.com/rhshadrach', 'followers_url': 'https://api.github.com/users/rhshadrach/followers', 'following_url': 'https://api.github.com/users/rhshadrach/following{/other_user}', 'gists_url': 'https://api.github.com/users/rhshadrach/gists{/gist_id}', 'starred_url': 'https://api.github.com/users/rhshadrach/starred{/owner}{/repo}', 'subscriptions_url': 'https://api.github.com/users/rhshadrach/subscriptions', 'organizations_url': 'https://api.github.com/users/rhshadrach/orgs', 'repos_url': 'https://api.github.com/users/rhshadrach/repos', 'events_url': 'https://api.github.com/users/rhshadrach/events{/privacy}', 'received_events_url': 'https://api.github.com/users/rhshadrach/received_events', 'type': 'User', 'site_admin': False}"
